{
  "train_loss": [
    0.03373539325593458,
    0.02770436392887676,
    0.026892166247215958,
    0.0268513413052284,
    0.026605217917930593,
    0.026517839309968805,
    0.02635236028509662,
    0.026354815292915747,
    0.026214614171217118,
    0.02615051496550152,
    0.02620871548627525,
    0.02608098065689957
  ],
  "val_loss": [
    0.030233288183808327,
    0.026936275884509087,
    0.026965804398059845,
    0.02602664940059185,
    0.027514617890119553,
    0.027061689645051956,
    0.025713732466101646,
    0.025995725765824318,
    0.030164653435349464,
    0.025553420186042786,
    0.029052408412098885,
    0.025611240416765213
  ],
  "learning_rate": [
    0.001,
    0.001,
    0.001,
    0.001,
    0.001,
    0.001,
    0.001,
    0.001,
    0.001,
    0.001,
    0.001,
    0.001
  ],
  "grad_norm": [
    0.6512510494990079,
    0.29643443460455593,
    0.14921486838518164,
    0.4706620488565296,
    0.14634800356057207,
    0.08235091247267032,
    0.08561996032424445,
    0.17486494303441086,
    0.28174433791336373,
    0.18466427103566582,
    0.19233936913778618,
    0.13511931912317324
  ],
  "win_rates": [
    {
      "epoch": 10,
      "win_rate": 0.0
    }
  ]
}