{
  "train_loss": [
    0.03512062751074401,
    0.027704697071625164,
    0.027145946373108975,
    0.026827244477909663,
    0.02659433453827519,
    0.026707869634941914,
    0.02655425759451103,
    0.026500124747814366,
    0.026444302853774422,
    0.026399678994663233,
    0.026352700382081228,
    0.026285797566926294,
    0.026293371197615944,
    0.02624489415018249,
    0.02605183728133119,
    0.02611352603290548,
    0.026061339507803552,
    0.02600485582243969,
    0.025829859447932636,
    0.02583404318357334,
    0.02569530861697687,
    0.02561642984541985,
    0.02549467115778505,
    0.02534341119417502,
    0.0253547920553057,
    0.025253267767442057,
    0.025169160610512477,
    0.025101693933685273,
    0.02505581287573301,
    0.025048841438942062,
    0.024992453779072263,
    0.024991050321074536,
    0.025108031383462886,
    0.02501281207001429,
    0.024623492904108507,
    0.02462992684684636,
    0.024616482339135205,
    0.024611213426791536,
    0.02463329329278118,
    0.024593190012080955,
    0.024590481962474396,
    0.024582013827134933,
    0.024595414932687267,
    0.024576412750292542,
    0.024578339299331457,
    0.02452887903516318,
    0.024536717746247962,
    0.0245776722214885,
    0.02454838642395686,
    0.024528683154201206,
    0.024366653937658713,
    0.02435076143773085,
    0.024351057275234497,
    0.024336446009850663,
    0.024350880195798223,
    0.024322056913632872,
    0.024342933770760085,
    0.02431499261170799,
    0.02433341116889907,
    0.02433540871684519,
    0.024303776159694836,
    0.024309275866767694,
    0.024311177134730442,
    0.02431991427970776,
    0.024285938262275254,
    0.02432651377586258,
    0.024295280227264345,
    0.024182483945547263,
    0.024180567572470897,
    0.024178647364006024,
    0.024178693338131257,
    0.024172384398375716,
    0.024159527654478024,
    0.02416067267407107,
    0.024100077889007768,
    0.02409622967495879,
    0.024111350770866454,
    0.024093890965143725,
    0.024097322087460595,
    0.02409413494999961,
    0.024087556987971992,
    0.024086700228959784,
    0.024093338703491198,
    0.024100236796824506,
    0.02408157955934546,
    0.024084329810859853,
    0.024049877936323714,
    0.02404549730717847,
    0.024044358682306123,
    0.0240449949813819
  ],
  "val_loss": [
    0.02739732153713703,
    0.02753761224448681,
    0.02688114158809185,
    0.02711513079702854,
    0.028573371469974518,
    0.02607494592666626,
    0.027007823809981346,
    0.02611837536096573,
    0.027129564434289932,
    0.02661033347249031,
    0.026034865528345108,
    0.026496222242712975,
    0.02622796595096588,
    0.02597753331065178,
    0.02584219165146351,
    0.02618504874408245,
    0.026045743376016617,
    0.0256686732172966,
    0.02561185508966446,
    0.02571176178753376,
    0.025481633841991425,
    0.0258597694337368,
    0.025555841624736786,
    0.02505739964544773,
    0.02530549094080925,
    0.025194911286234856,
    0.025457656010985374,
    0.02477724850177765,
    0.024913854897022247,
    0.02506384812295437,
    0.024980582296848297,
    0.024814940989017487,
    0.02497953549027443,
    0.025966433808207512,
    0.025312818586826324,
    0.024675549939274788,
    0.024760233238339424,
    0.024951839819550514,
    0.025448976084589958,
    0.024595586583018303,
    0.02549765445291996,
    0.0247652530670166,
    0.024627486243844032,
    0.02451467141509056,
    0.02454184927046299,
    0.02464258298277855,
    0.024945976212620735,
    0.024787981063127518,
    0.02472696080803871,
    0.024778937920928,
    0.02455517090857029,
    0.024475540965795517,
    0.024669000878930092,
    0.02481263503432274,
    0.024461766704916954,
    0.024661051109433174,
    0.02454930916428566,
    0.02451167441904545,
    0.024439046159386635,
    0.024396896362304688,
    0.02436101995408535,
    0.024543164297938347,
    0.024547554552555084,
    0.02439948171377182,
    0.024508606642484665,
    0.02465750463306904,
    0.024472815915942192,
    0.02433593198657036,
    0.024580370634794235,
    0.024391556158661842,
    0.02466566115617752,
    0.02443188801407814,
    0.024386202916502953,
    0.024450523778796196,
    0.024360524490475655,
    0.02435368113219738,
    0.02431601844727993,
    0.024490386247634888,
    0.024372005835175514,
    0.024306638166308403,
    0.02438507415354252,
    0.024313846603035927,
    0.024325493723154068,
    0.024353155866265297,
    0.024314308539032936,
    0.024392999708652496,
    0.024314871057868004,
    0.024342568591237068,
    0.024315444752573967,
    0.024340471252799034
  ],
  "learning_rate": [
    0.001,
    0.001,
    0.001,
    0.001,
    0.001,
    0.001,
    0.001,
    0.001,
    0.001,
    0.001,
    0.001,
    0.001,
    0.001,
    0.001,
    0.001,
    0.001,
    0.001,
    0.001,
    0.001,
    0.001,
    0.001,
    0.001,
    0.001,
    0.001,
    0.001,
    0.001,
    0.001,
    0.001,
    0.001,
    0.001,
    0.001,
    0.001,
    0.001,
    0.001,
    0.0005,
    0.0005,
    0.0005,
    0.0005,
    0.0005,
    0.0005,
    0.0005,
    0.0005,
    0.0005,
    0.0005,
    0.0005,
    0.0005,
    0.0005,
    0.0005,
    0.0005,
    0.0005,
    0.00025,
    0.00025,
    0.00025,
    0.00025,
    0.00025,
    0.00025,
    0.00025,
    0.00025,
    0.00025,
    0.00025,
    0.00025,
    0.00025,
    0.00025,
    0.00025,
    0.00025,
    0.00025,
    0.00025,
    0.000125,
    0.000125,
    0.000125,
    0.000125,
    0.000125,
    0.000125,
    0.000125,
    6.25e-05,
    6.25e-05,
    6.25e-05,
    6.25e-05,
    6.25e-05,
    6.25e-05,
    6.25e-05,
    6.25e-05,
    6.25e-05,
    6.25e-05,
    6.25e-05,
    6.25e-05,
    3.125e-05,
    3.125e-05,
    3.125e-05,
    3.125e-05
  ],