{
  "train_loss": [
    0.026254359728389586,
    0.025796605043055476,
    0.02565106623733864,
    0.025593291103565532,
    0.02552998317188995,
    0.025402095309610285,
    0.025330322213442058,
    0.02523611023184634,
    0.025150442530235,
    0.025092775465978323,
    0.025015349460173714,
    0.024944681567753587
  ],
  "val_loss": [
    0.026287995278835297,
    0.025392496958374977,
    0.025263052433729172,
    0.025300011038780212,
    0.0253010056912899,
    0.025127608329057693,
    0.024823907762765884,
    0.02513742633163929,
    0.025468144565820694,
    0.02502780593931675,
    0.025144943967461586,
    0.02464320883154869
  ],
  "learning_rate": [
    0.0005,
    0.0005,
    0.0005,
    0.0005,
    0.0005,
    0.0005,
    0.0005,
    0.0005,
    0.0005,
    0.0005,
    0.0005,
    0.0005
  ],
  "grad_norm": [
    0.45125512219915037,
    0.11301282475968989,
    0.07000637411027913,
    0.1557551314424866,
    0.06640885304904122,
    0.07003718748218413,
    0.13678466860170493,
    0.1433923369510648,
    0.07745864190092074,
    0.4295659654848223,
    0.10768719189359541,
    0.11636173956712663
  ],
  "win_rates": [
    {
      "epoch": 10,
      "win_rate": 0.0
    }
  ]
}