{
  "train_loss": [
    0.012876143323508848,
    0.011770495679511205,
    0.011684280647786364,
    0.01162784441339874,
    0.011633502362274575,
    0.011566371012127498,
    0.011491924916161364,
    0.011420290537135697,
    0.011424893091606846,
    0.011423253365812054,
    0.011394736002364432,
    0.011382325768191311
  ],
  "val_loss": [
    0.011450914666056633,
    0.011638166382908821,
    0.011675098910927773,
    0.011604240164160728,
    0.01139738503843546,
    0.012067772448062897,
    0.01141018234193325,
    0.01146975252777338,
    0.011315986514091492,
    0.011575473472476006,
    0.011260828003287315,
    0.0114281689748168
  ],
  "learning_rate": [
    0.001,
    0.001,
    0.001,
    0.001,
    0.001,
    0.001,
    0.001,
    0.001,
    0.001,
    0.001,
    0.001,
    0.001
  ],
  "grad_norm": [
    0.20236064497527234,
    0.07100301103341336,
    0.01697357832129865,
    0.1254654823281787,
    0.07610189630180206,
    0.01382491102664945,
    0.05720849815945613,
    0.01743299970146639,
    0.10517791365465086,
    0.02825139177696119,
    0.060943740357698,
    0.01741544803572993
  ],
  "win_rates": [
    {
      "epoch": 10,
      "win_rate": 0.0
    }
  ]
}